<dragonBones name="唐僧" frameRate="25" version="2.3">
 <armature name="元件 29">
  <bone name="元件 42">
   <transform x="-0.7" y="-13.6" skX="0" skY="0" scX="2.31" scY="1.39"/>
  </bone>
  <bone name="图层 17">
   <transform x="3.05" y="0.6" skX="0" skY="0" scX="1" scY="1"/>
  </bone>
  <bone name="元件 34">
   <transform x="-21.85" y="-29.55" skX="0" skY="0" scX="1" scY="1"/>
  </bone>
  <bone name="元件 33">
   <transform x="15.85" y="-29.25" skX="0" skY="0" scX="1" scY="1"/>
  </bone>
  <bone name="元件 39">
   <transform x="-33.25" y="-59.4" skX="0" skY="0" scX="-1" scY="1"/>
  </bone>
  <bone name="元件 390">
   <transform x="31.85" y="-57.45" skX="0" skY="0" scX="1" scY="1"/>
  </bone>
  <bone name="元件 40">
   <transform x="-1.45" y="-24.65" skX="0" skY="0" scX="1" scY="1"/>
  </bone>
  <bone name="元件 28">
   <transform x="-20.7" y="-56.45" skX="0" skY="0" scX="1" scY="1"/>
  </bone>
  <bone name="元件 280">
   <transform x="11.8" y="-56.45" skX="0" skY="0" scX="1" scY="1"/>
  </bone>
  <bone name="元件 27">
   <transform x="-18.8" y="-55.6" skX="0" skY="0" scX="1" scY="1"/>
  </bone>
  <bone name="元件 270">
   <transform x="13.7" y="-55.85" skX="0" skY="0" scX="1" scY="1"/>
  </bone>
  <bone name="元件 32">
   <transform x="2.3" y="-70" skX="0" skY="0" scX="1" scY="1"/>
  </bone>
  <bone name="元件 320">
   <transform x="-10.9" y="-69.65" skX="0" skY="0" scX="-1" scY="1"/>
  </bone>
  <bone name="元件 35">
   <transform x="-14.05" y="-19.65" skX="0" skY="0" scX="1" scY="1"/>
  </bone>
  <bone name="元件 36" parent="元件 40">
   <transform x="-32.55" y="-67.95" skX="0" skY="0" scX="1" scY="1"/>
  </bone>
  <bone name="元件 37">
   <transform x="20.25" y="-72.95" skX="0" skY="0" scX="1" scY="1"/>
  </bone>
  <bone name="元件 38">
   <transform x="-3.3" y="-78.65" skX="0" skY="0" scX="1" scY="1"/>
  </bone>
  <skin name="default">
   <slot name="元件 42" parent="元件 42" z="0">
    <display name="元件 42" type="image">
     <transform x="-15.7" y="-15.75" skX="0" skY="0" scX="1" scY="1" pX="0" pY="0"/>
    </display>
   </slot>
   <slot name="图层 17" parent="图层 17" z="1">
    <display name="元件 43" type="image">
     <transform x="-23.65" y="-34.5" skX="0" skY="0" scX="1" scY="1" pX="0.75" pY="0.25"/>
    </display>
   </slot>
   <slot name="元件 34" parent="元件 34" z="2">
    <display name="元件 34" type="image">
     <transform x="-2.25" y="-1.95" skX="0" skY="0" scX="1" scY="1" pX="0.5" pY="0.5"/>
    </display>
   </slot>
   <slot name="元件 33" parent="元件 33" z="3">
    <display name="元件 33" type="image">
     <transform x="-22.75" y="-5.35" skX="0" skY="0" scX="1" scY="1" pX="0.5" pY="0.5"/>
    </display>
   </slot>
   <slot name="元件 39" parent="元件 39" z="4">
    <display name="元件 39" type="image">
     <transform x="-3.7" y="-3.75" skX="0" skY="0" scX="1" scY="1" pX="0.75" pY="0.75"/>
    </display>
   </slot>
   <slot name="元件 390" parent="元件 390" z="5">
    <display name="元件 39" type="image">
     <transform x="-2.95" y="-4" skX="0" skY="0" scX="1" scY="1" pX="0.75" pY="0.75"/>
    </display>
   </slot>
   <slot name="元件 40" parent="元件 40" z="6">
    <display name="元件 40" type="image">
     <transform x="-33.75" y="-62.8" skX="0" skY="0" scX="1" scY="1" pX="0.75" pY="0.75"/>
    </display>
   </slot>
   <slot name="元件 28" parent="元件 28" z="7">
    <display name="元件 1" type="image">
     <transform x="0" y="0" skX="0" skY="0" scX="1" scY="1" pX="11.4" pY="11.4"/>
    </display>
   </slot>
   <slot name="元件 280" parent="元件 280" z="8">
    <display name="元件 1" type="image">
     <transform x="0" y="0" skX="0" skY="0" scX="1" scY="1" pX="11.4" pY="11.4"/>
    </display>
   </slot>
   <slot name="元件 27" parent="元件 27" z="9">
    <display name="元件 2" type="image">
     <transform x="0" y="0" skX="0" skY="0" scX="1" scY="1" pX="4.85" pY="4.8"/>
    </display>
   </slot>
   <slot name="元件 270" parent="元件 270" z="10">
    <display name="元件 2" type="image">
     <transform x="0" y="0" skX="0" skY="0" scX="1" scY="1" pX="4.85" pY="4.8"/>
    </display>
   </slot>
   <slot name="元件 32" parent="元件 32" z="11">
    <display name="元件 32" type="image">
     <transform x="-1.9" y="-4.65" skX="0" skY="0" scX="1" scY="1" pX="0.5" pY="0.5"/>
    </display>
   </slot>
   <slot name="元件 320" parent="元件 320" z="12">
    <display name="元件 32" type="image">
     <transform x="-1.9" y="-4.65" skX="0" skY="0" scX="1" scY="1" pX="0.5" pY="0.5"/>
    </display>
   </slot>
   <slot name="元件 35" parent="元件 35" z="13">
    <display name="元件 35" type="image">
     <transform x="-6.35" y="-15.75" skX="0" skY="0" scX="1" scY="1" pX="0.5" pY="0.5"/>
    </display>
   </slot>
   <slot name="元件 36" parent="元件 36" z="14">
    <display name="元件 36" type="image">
     <transform x="-7.7" y="-4.1" skX="0" skY="0" scX="1" scY="1" pX="0.5" pY="0.5"/>
    </display>
   </slot>
   <slot name="元件 37" parent="元件 37" z="15">
    <display name="元件 37" type="image">
     <transform x="-0.95" y="-1.15" skX="0" skY="0" scX="1" scY="1" pX="0.5" pY="0.5"/>
    </display>
   </slot>
   <slot name="元件 38" parent="元件 38" z="16">
    <display name="元件 38" type="image">
     <transform x="-31.15" y="-29.35" skX="0" skY="0" scX="1" scY="1" pX="0.5" pY="0.75"/>
    </display>
   </slot>
  </skin>
  <animation name="idle" fadeInTime="0.3" duration="1" scale="1" loop="1" autoTween="1" tweenEasing="NaN">
   <timeline name="元件 42" scale="1" offset="0">
    <frame z="0" duration="1">
     <transform x="-0.7" y="-13.6" skX="0" skY="0" scX="2.31" scY="1.39" pX="0" pY="0"/>
    </frame>
   </timeline>
   <timeline name="图层 17" scale="1" offset="0">
    <frame z="1" duration="1">
     <transform x="3.05" y="0.6" skX="0" skY="0" scX="1" scY="1" pX="0" pY="0"/>
    </frame>
   </timeline>
   <timeline name="元件 34" scale="1" offset="0">
    <frame z="2" duration="1">
     <transform x="-21.85" y="-29.55" skX="0" skY="0" scX="1" scY="1" pX="0" pY="0"/>
    </frame>
   </timeline>
   <timeline name="元件 33" scale="1" offset="0">
    <frame z="3" duration="1">
     <transform x="15.85" y="-29.25" skX="0" skY="0" scX="1" scY="1" pX="0" pY="0"/>
    </frame>
   </timeline>
   <timeline name="元件 39" scale="1" offset="0">
    <frame z="4" duration="1">
     <transform x="-33.25" y="-59.4" skX="0" skY="0" scX="-1" scY="1" pX="0" pY="0"/>
    </frame>
   </timeline>
   <timeline name="元件 390" scale="1" offset="0">
    <frame z="5" duration="1">
     <transform x="31.85" y="-57.45" skX="0" skY="0" scX="1" scY="1" pX="0" pY="0"/>
    </frame>
   </timeline>
   <timeline name="元件 40" scale="1" offset="0">
    <frame z="6" duration="1">
     <transform x="-1.45" y="-24.65" skX="0" skY="0" scX="1" scY="1" pX="0" pY="0"/>
    </frame>
   </timeline>
   <timeline name="元件 28" scale="1" offset="0">
    <frame z="7" duration="1">
     <transform x="-20.7" y="-56.45" skX="0" skY="0" scX="1" scY="1" pX="0" pY="0"/>
    </frame>
   </timeline>
   <timeline name="元件 280" scale="1" offset="0">
    <frame z="8" duration="1">
     <transform x="11.8" y="-56.45" skX="0" skY="0" scX="1" scY="1" pX="0" pY="0"/>
    </frame>
   </timeline>
   <timeline name="元件 27" scale="1" offset="0">
    <frame z="9" duration="1">
     <transform x="-18.8" y="-55.6" skX="0" skY="0" scX="1" scY="1" pX="0" pY="0"/>
    </frame>
   </timeline>
   <timeline name="元件 270" scale="1" offset="0">
    <frame z="10" duration="1">
     <transform x="13.7" y="-55.85" skX="0" skY="0" scX="1" scY="1" pX="0" pY="0"/>
    </frame>
   </timeline>
   <timeline name="元件 32" scale="1" offset="0">
    <frame z="11" duration="1">
     <transform x="2.3" y="-70" skX="0" skY="0" scX="1" scY="1" pX="0" pY="0"/>
    </frame>
   </timeline>
   <timeline name="元件 320" scale="1" offset="0">
    <frame z="12" duration="1">
     <transform x="-10.9" y="-69.65" skX="0" skY="0" scX="-1" scY="1" pX="0" pY="0"/>
    </frame>
   </timeline>
   <timeline name="元件 35" scale="1" offset="0">
    <frame z="13" duration="1">
     <transform x="-14.05" y="-19.65" skX="0" skY="0" scX="1" scY="1" pX="0" pY="0"/>
    </frame>
   </timeline>
   <timeline name="元件 36" scale="1" offset="0">
    <frame z="14" duration="1">
     <transform x="-32.55" y="-67.95" skX="0" skY="0" scX="1" scY="1" pX="0" pY="0"/>
    </frame>
   </timeline>
   <timeline name="元件 37" scale="1" offset="0">
    <frame z="15" duration="1">
     <transform x="20.25" y="-72.95" skX="0" skY="0" scX="1" scY="1" pX="0" pY="0"/>
    </frame>
   </timeline>
   <timeline name="元件 38" scale="1" offset="0">
    <frame z="16" duration="1">
     <transform x="-3.3" y="-78.65" skX="0" skY="0" scX="1" scY="1" pX="0" pY="0"/>
    </frame>
   </timeline>
  </animation>
  <animation name="select" fadeInTime="0.3" duration="10" scale="1" loop="1" autoTween="1" tweenEasing="NaN">
   <timeline name="元件 42" scale="1" offset="0">
    <frame z="0" tweenEasing="0" duration="2">
     <transform x="-0.7" y="-13.6" skX="0" skY="0" scX="2.31" scY="1.39" pX="0" pY="0"/>
    </frame>
    <frame z="0" tweenEasing="0" duration="2">
     <transform x="-0.7" y="-13.6" skX="0" skY="0" scX="2.31" scY="1.39" pX="0" pY="0"/>
    </frame>
    <frame z="0" tweenEasing="0" duration="3">
     <transform x="-0.7" y="-13.6" skX="0" skY="0" scX="2.31" scY="1.39" pX="0" pY="0"/>
    </frame>
    <frame z="0" duration="3">
     <transform x="-0.7" y="-13.6" skX="0" skY="0" scX="2.31" scY="1.39" pX="0" pY="0"/>
    </frame>
   </timeline>
   <timeline name="图层 17" scale="1" offset="0">
    <frame z="1" tweenEasing="0" duration="2">
     <transform x="3.05" y="0.6" skX="0" skY="0" scX="1" scY="1" pX="0" pY="0"/>
    </frame>
    <frame z="1" tweenEasing="0" duration="2">
     <transform x="3.2" y="0.6" skX="0" skY="0" scX="1.05" scY="1" pX="0" pY="0"/>
    </frame>
    <frame z="1" tweenEasing="0" duration="3">
     <transform x="3.05" y="0.6" skX="0" skY="0" scX="1" scY="1.03" pX="0" pY="0"/>
    </frame>
    <frame z="1" duration="3">
     <transform x="3.05" y="0.6" skX="0" skY="0" scX="1" scY="1" pX="0" pY="0"/>
    </frame>
   </timeline>
   <timeline name="元件 34" scale="1" offset="0">
    <frame z="2" tweenEasing="0" duration="2">
     <transform x="-21.85" y="-29.55" skX="0" skY="0" scX="1" scY="1" pX="0" pY="0"/>
    </frame>
    <frame z="2" tweenEasing="0" duration="2">
     <transform x="-23" y="-29.35" skX="0" skY="4.68" scX="1.06" scY="1" pX="0" pY="0"/>
    </frame>
    <frame z="2" tweenEasing="0" duration="3">
     <transform x="-21.85" y="-30.75" skX="0" skY="-5.09" scX="1" scY="1.03" pX="0" pY="0"/>
    </frame>
    <frame z="2" duration="3">
     <transform x="-21.85" y="-29.55" skX="0" skY="0" scX="1" scY="1" pX="0" pY="0"/>
    </frame>
   </timeline>
   <timeline name="元件 33" scale="1" offset="0">
    <frame z="3" tweenEasing="0" duration="2">
     <transform x="15.85" y="-29.25" skX="0" skY="0" scX="1" scY="1" pX="0" pY="0"/>
    </frame>
    <frame z="3" tweenEasing="0" duration="2">
     <transform x="16.7" y="-29.2" skX="0" skY="-1.11" scX="1.05" scY="1" pX="0" pY="0"/>
    </frame>
    <frame z="3" tweenEasing="0" duration="3">
     <transform x="15.85" y="-30.4" skX="0" skY="4.22" scX="1" scY="1.03" pX="0" pY="0.05"/>
    </frame>
    <frame z="3" duration="3">
     <transform x="15.85" y="-29.25" skX="0" skY="0" scX="1" scY="1" pX="0" pY="0"/>
    </frame>
   </timeline>
   <timeline name="元件 39" scale="1" offset="0">
    <frame z="4" tweenEasing="0" duration="2">
     <transform x="-33.25" y="-59.4" skX="0" skY="0" scX="-1" scY="1" pX="0" pY="0"/>
    </frame>
    <frame z="4" tweenEasing="0" duration="2">
     <transform x="-34.45" y="-56.4" skX="0" skY="0" scX="-1.04" scY="0.96" pX="0" pY="0"/>
    </frame>
    <frame z="4" tweenEasing="0" duration="3">
     <transform x="-33.25" y="-60.45" skX="0" skY="0" scX="-1" scY="1.03" pX="0" pY="0"/>
    </frame>
    <frame z="4" duration="3">
     <transform x="-33.25" y="-58.4" skX="0" skY="0" scX="-1" scY="1" pX="0" pY="0"/>
    </frame>
   </timeline>
   <timeline name="元件 390" scale="1" offset="0">
    <frame z="5" tweenEasing="0" duration="2">
     <transform x="31.85" y="-57.45" skX="0" skY="0" scX="1" scY="1" pX="0" pY="0"/>
    </frame>
    <frame z="5" tweenEasing="0" duration="2">
     <transform x="33.35" y="-54.55" skX="0" skY="0" scX="1.04" scY="0.96" pX="0.05" pY="0.05"/>
    </frame>
    <frame z="5" tweenEasing="0" duration="3">
     <transform x="31.85" y="-58.45" skX="0" skY="0" scX="1" scY="1.03" pX="0" pY="0"/>
    </frame>
    <frame z="5" duration="3">
     <transform x="31.85" y="-56.45" skX="0" skY="0" scX="1" scY="1" pX="0" pY="0"/>
    </frame>
   </timeline>
   <timeline name="元件 40" scale="1" offset="0">
    <frame z="6" tweenEasing="0" duration="2">
     <transform x="-1.45" y="-24.65" skX="0" skY="0" scX="1" scY="1" pX="0" pY="0"/>
    </frame>
    <frame z="6" tweenEasing="0" duration="2">
     <transform x="-1.3" y="-23.1" skX="0" skY="0" scX="1.04" scY="0.96" pX="0" pY="0"/>
    </frame>
    <frame z="6" tweenEasing="0" duration="3">
     <transform x="-1.45" y="-24.7" skX="0" skY="0" scX="1" scY="1.03" pX="0" pY="0"/>
    </frame>
    <frame z="6" duration="3">
     <transform x="-1.45" y="-23.65" skX="0" skY="0" scX="1" scY="1" pX="0" pY="0"/>
    </frame>
   </timeline>
   <timeline name="元件 28" scale="1" offset="0">
    <frame z="7" tweenEasing="0" duration="2">
     <transform x="-20.7" y="-56.45" skX="0" skY="0" scX="1" scY="1" pX="0" pY="0"/>
    </frame>
    <frame z="7" tweenEasing="0" duration="2">
     <transform x="-21.35" y="-53.55" skX="0" skY="0" scX="1.04" scY="0.96" pX="0" pY="0"/>
    </frame>
    <frame z="7" tweenEasing="0" duration="3">
     <transform x="-20.7" y="-57.45" skX="0" skY="0" scX="1" scY="1.03" pX="0" pY="0"/>
    </frame>
    <frame z="7" duration="3">
     <transform x="-20.7" y="-55.45" skX="0" skY="0" scX="1" scY="1" pX="0" pY="0"/>
    </frame>
   </timeline>
   <timeline name="元件 280" scale="1" offset="0">
    <frame z="8" tweenEasing="0" duration="2">
     <transform x="11.8" y="-56.45" skX="0" skY="0" scX="1" scY="1" pX="0" pY="0"/>
    </frame>
    <frame z="8" tweenEasing="0" duration="2">
     <transform x="12.5" y="-53.55" skX="0" skY="0" scX="1.04" scY="0.96" pX="0" pY="0"/>
    </frame>
    <frame z="8" tweenEasing="0" duration="3">
     <transform x="11.8" y="-57.45" skX="0" skY="0" scX="1" scY="1.03" pX="0" pY="0"/>
    </frame>
    <frame z="8" duration="3">
     <transform x="11.8" y="-55.45" skX="0" skY="0" scX="1" scY="1" pX="0" pY="0"/>
    </frame>
   </timeline>
   <timeline name="元件 27" scale="1" offset="0">
    <frame z="9" tweenEasing="0" duration="2">
     <transform x="-18.8" y="-55.6" skX="0" skY="0" scX="1" scY="1" pX="0" pY="0"/>
    </frame>
    <frame z="9" tweenEasing="0" duration="2">
     <transform x="-19.35" y="-52.75" skX="0" skY="0" scX="1.04" scY="0.96" pX="0" pY="0"/>
    </frame>
    <frame z="9" tweenEasing="0" duration="3">
     <transform x="-18.8" y="-56.5" skX="0" skY="0" scX="1" scY="1.03" pX="0" pY="0"/>
    </frame>
    <frame z="9" tweenEasing="0" duration="3">
     <transform x="-18.8" y="-54.6" skX="0" skY="0" scX="1" scY="1" pX="0" pY="0"/>
    </frame>
   </timeline>
   <timeline name="元件 270" scale="1" offset="0">
    <frame z="10" tweenEasing="0" duration="2">
     <transform x="13.7" y="-55.85" skX="0" skY="0" scX="1" scY="1" pX="0" pY="0"/>
    </frame>
    <frame z="10" tweenEasing="0" duration="2">
     <transform x="14.5" y="-53" skX="0" skY="0" scX="1.04" scY="0.96" pX="0" pY="0"/>
    </frame>
    <frame z="10" tweenEasing="0" duration="3">
     <transform x="13.7" y="-56.8" skX="0" skY="0" scX="1" scY="1.03" pX="0" pY="0"/>
    </frame>
    <frame z="10" tweenEasing="0" duration="3">
     <transform x="13.7" y="-54.85" skX="0" skY="0" scX="1" scY="1" pX="0" pY="0"/>
    </frame>
   </timeline>
   <timeline name="元件 32" scale="1" offset="0">
    <frame z="11" tweenEasing="0" duration="2">
     <transform x="2.3" y="-70" skX="0" skY="0" scX="1" scY="1" pX="0" pY="0"/>
    </frame>
    <frame z="11" tweenEasing="0" duration="2">
     <transform x="2.6" y="-66.55" skX="0" skY="0" scX="1.04" scY="0.96" pX="0" pY="0"/>
    </frame>
    <frame z="11" tweenEasing="0" duration="3">
     <transform x="2.3" y="-71.35" skX="0" skY="0" scX="1" scY="1.03" pX="0" pY="0"/>
    </frame>
    <frame z="11" duration="3">
     <transform x="2.3" y="-69" skX="0" skY="0" scX="1" scY="1" pX="0" pY="0"/>
    </frame>
   </timeline>
   <timeline name="元件 320" scale="1" offset="0">
    <frame z="12" tweenEasing="0" duration="2">
     <transform x="-10.9" y="-69.65" skX="0" skY="0" scX="-1" scY="1" pX="0" pY="0"/>
    </frame>
    <frame z="12" tweenEasing="0" duration="2">
     <transform x="-11.15" y="-66.2" skX="0" skY="0" scX="-1.04" scY="0.96" pX="0" pY="-0.05"/>
    </frame>
    <frame z="12" tweenEasing="0" duration="3">
     <transform x="-10.9" y="-71" skX="0" skY="0" scX="-1" scY="1.03" pX="0" pY="-0.05"/>
    </frame>
    <frame z="12" duration="3">
     <transform x="-10.9" y="-68.65" skX="0" skY="0" scX="-1" scY="1" pX="0" pY="0"/>
    </frame>
   </timeline>
   <timeline name="元件 35" scale="1" offset="0">
    <frame z="13" tweenEasing="0" duration="2">
     <transform x="-14.05" y="-19.65" skX="0" skY="0" scX="1" scY="1" pX="0" pY="0"/>
    </frame>
    <frame z="13" tweenEasing="0" duration="2">
     <transform x="-14.25" y="-15.75" skX="0" skY="0" scX="1" scY="1" pX="0" pY="0"/>
    </frame>
    <frame z="13" tweenEasing="0" duration="3">
     <transform x="-14.05" y="-20.4" skX="0" skY="0" scX="1" scY="1" pX="0" pY="0"/>
    </frame>
    <frame z="13" duration="3">
     <transform x="-14.05" y="-17.65" skX="0" skY="0" scX="1" scY="1" pX="0" pY="0"/>
    </frame>
   </timeline>
   <timeline name="元件 36" scale="1" offset="0">
    <frame z="14" tweenEasing="0" duration="2">
     <transform x="-32.55" y="-67.95" skX="0" skY="0" scX="1" scY="1" pX="0" pY="0"/>
    </frame>
    <frame z="14" tweenEasing="0" duration="2">
     <transform x="-33.7" y="-64.9" skX="2.76" skY="2.76" scX="1.04" scY="0.89" pX="-0.05" pY="0.05"/>
    </frame>
    <frame z="14" tweenEasing="0" duration="3">
     <transform x="-32.55" y="-69.2" skX="0" skY="0" scX="1" scY="1.12" pX="0" pY="-0.05"/>
    </frame>
    <frame z="14" tweenEasing="0" duration="3">
     <transform x="-32.55" y="-66.95" skX="0" skY="0" scX="1" scY="0.97" pX="0" pY="0.05"/>
    </frame>
   </timeline>
   <timeline name="元件 37" scale="1" offset="0">
    <frame z="15" tweenEasing="0" duration="2">
     <transform x="20.25" y="-72.95" skX="0" skY="0" scX="1" scY="1" pX="0" pY="0"/>
    </frame>
    <frame z="15" tweenEasing="0" duration="2">
     <transform x="21.3" y="-69.45" skX="-2.51" skY="-2.51" scX="1.04" scY="0.9" pX="-0.05" pY="0"/>
    </frame>
    <frame z="15" tweenEasing="0" duration="3">
     <transform x="20.25" y="-74.35" skX="0" skY="0" scX="1" scY="1.11" pX="0" pY="-0.05"/>
    </frame>
    <frame z="15" tweenEasing="0" duration="3">
     <transform x="20.25" y="-71.95" skX="0" skY="0" scX="1" scY="0.95" pX="0" pY="0"/>
    </frame>
   </timeline>
   <timeline name="元件 38" scale="1" offset="0">
    <frame z="16" tweenEasing="0" duration="2">
     <transform x="-3.3" y="-78.65" skX="0" skY="0" scX="1" scY="1" pX="0" pY="0"/>
    </frame>
    <frame z="16" tweenEasing="0" duration="2">
     <transform x="-3.25" y="-74.85" skX="0" skY="0" scX="1.04" scY="0.96" pX="-0.05" pY="0"/>
    </frame>
    <frame z="16" tweenEasing="0" duration="3">
     <transform x="-3.3" y="-80.25" skX="0" skY="0" scX="1" scY="1.03" pX="0" pY="-0.05"/>
    </frame>
    <frame z="16" duration="3">
     <transform x="-3.3" y="-77.65" skX="0" skY="0" scX="1" scY="1" pX="0" pY="0"/>
    </frame>
   </timeline>
  </animation>
  <animation name="aim" fadeInTime="0.3" duration="18" scale="1" loop="1" autoTween="1" tweenEasing="NaN">
   <timeline name="元件 42" scale="1" offset="0">
    <frame z="0" duration="18">
     <transform x="-0.7" y="-13.6" skX="0" skY="0" scX="2.31" scY="1.39" pX="0" pY="0"/>
    </frame>
   </timeline>
   <timeline name="图层 17" scale="1" offset="0">
    <frame z="1" duration="18">
     <transform x="3.05" y="0.6" skX="0" skY="0" scX="1" scY="1" pX="0" pY="0"/>
    </frame>
   </timeline>
   <timeline name="元件 34" scale="1" offset="0">
    <frame z="2" duration="18">
     <transform x="-21.85" y="-29.55" skX="0" skY="0" scX="1" scY="1" pX="0" pY="0"/>
    </frame>
   </timeline>
   <timeline name="元件 33" scale="1" offset="0">
    <frame z="3" duration="18">
     <transform x="15.85" y="-29.25" skX="0" skY="0" scX="1" scY="1" pX="0" pY="0"/>
    </frame>
   </timeline>
   <timeline name="元件 39" scale="1" offset="0">
    <frame z="4" duration="18">
     <transform x="-33.25" y="-58.4" skX="0" skY="0" scX="-1" scY="1" pX="0" pY="0"/>
    </frame>
   </timeline>
   <timeline name="元件 390" scale="1" offset="0">
    <frame z="5" duration="18">
     <transform x="31.85" y="-56.45" skX="0" skY="0" scX="1" scY="1" pX="0" pY="0"/>
    </frame>
   </timeline>
   <timeline name="元件 40" scale="1" offset="0">
    <frame z="6" duration="18">
     <transform x="-1.45" y="-23.65" skX="0" skY="0" scX="1" scY="1" pX="0" pY="0"/>
    </frame>
   </timeline>
   <timeline name="元件 28" scale="1" offset="0">
    <frame z="7" duration="18">
     <transform x="-20.7" y="-55.45" skX="0" skY="0" scX="1" scY="1" pX="0" pY="0"/>
    </frame>
   </timeline>
   <timeline name="元件 280" scale="1" offset="0">
    <frame z="8" duration="18">
     <transform x="11.8" y="-55.45" skX="0" skY="0" scX="1" scY="1" pX="0" pY="0"/>
    </frame>
   </timeline>
   <timeline name="元件 27" scale="1" offset="0">
    <frame z="9" tweenEasing="0" duration="8">
     <transform x="-16.8" y="-54.6" skX="0" skY="0" scX="1" scY="1" pX="0" pY="0"/>
    </frame>
    <frame z="9" tweenEasing="1" duration="9">
     <transform x="-24.3" y="-54.6" skX="0" skY="0" scX="1" scY="1" pX="0" pY="0"/>
    </frame>
    <frame z="9" duration="1">
     <transform x="-16.8" y="-54.6" skX="0" skY="0" scX="1" scY="1" pX="0" pY="0"/>
    </frame>
   </timeline>
   <timeline name="元件 270" scale="1" offset="0">
    <frame z="10" tweenEasing="0" duration="8">
     <transform x="15.7" y="-54.85" skX="0" skY="0" scX="1" scY="1" pX="0" pY="0"/>
    </frame>
    <frame z="10" tweenEasing="1" duration="9">
     <transform x="7.2" y="-54.85" skX="0" skY="0" scX="1" scY="1" pX="0" pY="0"/>
    </frame>
    <frame z="10" duration="1">
     <transform x="15.7" y="-54.85" skX="0" skY="0" scX="1" scY="1" pX="0" pY="0"/>
    </frame>
   </timeline>
   <timeline name="元件 32" scale="1" offset="0">
    <frame z="11" duration="18">
     <transform x="2.3" y="-69" skX="0" skY="0" scX="1" scY="1" pX="0" pY="0"/>
    </frame>
   </timeline>
   <timeline name="元件 320" scale="1" offset="0">
    <frame z="12" duration="18">
     <transform x="-10.9" y="-68.65" skX="0" skY="0" scX="-1" scY="1" pX="0" pY="0"/>
    </frame>
   </timeline>
   <timeline name="元件 35" scale="1" offset="0">
    <frame z="13" duration="18">
     <transform x="-14.05" y="-17.65" skX="0" skY="0" scX="1" scY="1" pX="0" pY="0"/>
    </frame>
   </timeline>
   <timeline name="元件 36" scale="1" offset="0">
    <frame z="14" duration="18">
     <transform x="-32.55" y="-66.95" skX="0" skY="0" scX="1" scY="1" pX="0" pY="0"/>
    </frame>
   </timeline>
   <timeline name="元件 37" scale="1" offset="0">
    <frame z="15" duration="18">
     <transform x="20.25" y="-71.95" skX="0" skY="0" scX="1" scY="1" pX="0" pY="0"/>
    </frame>
   </timeline>
   <timeline name="元件 38" scale="1" offset="0">
    <frame z="16" duration="18">
     <transform x="-3.3" y="-77.65" skX="0" skY="0" scX="1" scY="1" pX="0" pY="0"/>
    </frame>
   </timeline>
  </animation>
  <animation name="attack" fadeInTime="0.3" duration="1" scale="1" loop="1" autoTween="1" tweenEasing="NaN">
   <timeline name="元件 42" scale="1" offset="0">
    <frame z="0" duration="1">
     <transform x="-0.7" y="-13.6" skX="0" skY="0" scX="2.31" scY="1.39" pX="0" pY="0"/>
    </frame>
   </timeline>
   <timeline name="图层 17" scale="1" offset="0">
    <frame z="1" duration="1">
     <transform x="3.05" y="0.6" skX="0" skY="0" scX="1" scY="1" pX="0" pY="0"/>
    </frame>
   </timeline>
   <timeline name="元件 34" scale="1" offset="0">
    <frame z="2" duration="1">
     <transform x="-21.85" y="-29.55" skX="0" skY="0" scX="1" scY="1" pX="0" pY="0"/>
    </frame>
   </timeline>
   <timeline name="元件 33" scale="1" offset="0">
    <frame z="3" duration="1">
     <transform x="15.85" y="-29.25" skX="0" skY="0" scX="1" scY="1" pX="0" pY="0"/>
    </frame>
   </timeline>
   <timeline name="元件 39" scale="1" offset="0">
    <frame z="4" duration="1">
     <transform x="-33.25" y="-59.4" skX="0" skY="0" scX="-1" scY="1" pX="0" pY="0"/>
    </frame>
   </timeline>
   <timeline name="元件 390" scale="1" offset="0">
    <frame z="5" duration="1">
     <transform x="31.85" y="-57.45" skX="0" skY="0" scX="1" scY="1" pX="0" pY="0"/>
    </frame>
   </timeline>
   <timeline name="元件 40" scale="1" offset="0">
    <frame z="6" duration="1">
     <transform x="-1.45" y="-24.65" skX="0" skY="0" scX="1" scY="1" pX="0" pY="0"/>
    </frame>
   </timeline>
   <timeline name="元件 28" scale="1" offset="0">
    <frame z="7" duration="1">
     <transform x="-20.7" y="-56.45" skX="0" skY="0" scX="1" scY="1" pX="0" pY="0"/>
    </frame>
   </timeline>
   <timeline name="元件 280" scale="1" offset="0">
    <frame z="8" duration="1">
     <transform x="11.8" y="-56.45" skX="0" skY="0" scX="1" scY="1" pX="0" pY="0"/>
    </frame>
   </timeline>
   <timeline name="元件 27" scale="1" offset="0">
    <frame z="9" duration="1">
     <transform x="-18.8" y="-55.6" skX="0" skY="0" scX="1" scY="1" pX="0" pY="0"/>
    </frame>
   </timeline>
   <timeline name="元件 270" scale="1" offset="0">
    <frame z="10" duration="1">
     <transform x="13.7" y="-55.85" skX="0" skY="0" scX="1" scY="1" pX="0" pY="0"/>
    </frame>
   </timeline>
   <timeline name="元件 32" scale="1" offset="0">
    <frame z="11" duration="1">
     <transform x="2.3" y="-70" skX="0" skY="0" scX="1" scY="1" pX="0" pY="0"/>
    </frame>
   </timeline>
   <timeline name="元件 320" scale="1" offset="0">
    <frame z="12" duration="1">
     <transform x="-10.9" y="-69.65" skX="0" skY="0" scX="-1" scY="1" pX="0" pY="0"/>
    </frame>
   </timeline>
   <timeline name="元件 35" scale="1" offset="0">
    <frame z="13" duration="1">
     <transform x="-14.05" y="-19.65" skX="0" skY="0" scX="1" scY="1" pX="0" pY="0"/>
    </frame>
   </timeline>
   <timeline name="元件 36" scale="1" offset="0">
    <frame z="14" duration="1">
     <transform x="-32.55" y="-67.95" skX="0" skY="0" scX="1" scY="1" pX="0" pY="0"/>
    </frame>
   </timeline>
   <timeline name="元件 37" scale="1" offset="0">
    <frame z="15" duration="1">
     <transform x="20.25" y="-72.95" skX="0" skY="0" scX="1" scY="1" pX="0" pY="0"/>
    </frame>
   </timeline>
   <timeline name="元件 38" scale="1" offset="0">
    <frame z="16" duration="1">
     <transform x="-3.3" y="-78.65" skX="0" skY="0" scX="1" scY="1" pX="0" pY="0"/>
    </frame>
   </timeline>
  </animation>
 </armature>
</dragonBones>