<TextureAtlas name="唐僧" imagePath="texture.png">
 <SubTexture name="元件 42" x="69" y="98" width="32" height="32"/>
 <SubTexture name="元件 43" x="71" y="0" width="46" height="36"/>
 <SubTexture name="元件 34" x="107" y="37" width="16" height="26"/>
 <SubTexture name="元件 33" x="0" y="114" width="26" height="33"/>
 <SubTexture name="元件 39" x="107" y="84" width="16" height="19"/>
 <SubTexture name="元件 40" x="0" y="0" width="70" height="66"/>
 <SubTexture name="元件 1" x="102" y="104" width="23" height="23"/>
 <SubTexture name="元件 2" x="90" y="87" width="10" height="10"/>
 <SubTexture name="元件 32" x="69" y="90" width="19" height="7"/>
 <SubTexture name="元件 35" x="107" y="64" width="17" height="18"/>
 <SubTexture name="元件 36" x="90" y="37" width="16" height="49"/>
 <SubTexture name="元件 37" x="71" y="37" width="18" height="52"/>
 <SubTexture name="元件 38" x="0" y="67" width="68" height="46"/>
</TextureAtlas>